Mariya S/Mariya/set56/Student/20/7523/sharmin.maria9955@gmail.com/Banani/Banani
Tanmoy/Tanmoy/tanmoy/Student/20/7452/mustansir.tanmoy@northsouth.edu/Gulshan/Gulshan
seyam/seyam/7541/Student/20/15756/istiak.sheam@northsouth.edu/Jatrabari/Jatrabari,Dhaka
Junayed/junayed/222/student/18/23456/fgh/matuail/dxfcvgbh
